City,State
Washington,District of Columbia
New York,New York
Chicago,Illinois
San Francisco,California
San Diego,California
Healdsburg,California
Yountville,California
Miami,Florida
Tarrytown,New York
Los Angeles,California
Oakland,California
Hollywood,California
West Hollywood,California
Santa Monica,California
Elk,California
Tampa,Florida
Orlando,Florida
Miami Beach,Florida
Winter Park,Florida
Surfside,Florida
Atlanta,Georgia
Aspen,Colorado
Denver,Colorado
Boulder,Colorado
Los Alamos,New Mexico
Costa Mesa,California
Encino,California
Mountain View,California
San Mateo,California
Sacramento,California
Carlsbad,California
San Anselmo,California
Paso Robles,California
Beverly Hills,California
Carmel-by-the-Sea,California
Palo Alto,California
Atherton,California
Calistoga,California
Torrance,California
Napa,California
Long Beach,California
Saratoga,California
Woodside,California
Redwood City,California
Rutherford,California
Oceanside,California
Montecito,California
Geyserville,California
Saint Helena,California
Coral Gables,Florida
Winter Garden,Florida
Irvington,New York
Elmsford,New York
Brooklyn,New York
White Plains,New York
Hastings-on-Hudson,New York
Rye,New York
Pleasantville,New York
Mount Kisco,New York
New Rochelle,New York
Dobbs Ferry,New York
Bronxville,New York
Scarsdale,New York
Eastchester,New York
Avondale Estates,Georgia
Rowland Heights,California
Inglewood,California
Santa Barbara,California
Irvine,California
Los Gatos,California
Mill Valley,California
Berkeley,California
San Jose,California
Garden Grove,California
Tustin,California
Glendale,California
Temple City,California
Alhambra,California
Orange,California
Petaluma,California
Albany,California
Bell Gardens,California
Monrovia,California
Arcadia,California
Fairfax,California
Corte Madera,California
El Monte,California
Pasadena,California
Hayward,California
Pomona,California
Livermore,California
San Gabriel,California
El Cerrito,California
Hermosa Beach,California
Sausalito,California
Roseville,California
Campbell,California
Solvang,California
Venice,California
Buena Park,California
Newport Beach,California
Rosemead,California
Sebastopol,California
San Juan Capistrano,California
Sonoma,California
Aptos,California
Cerritos,California
Alameda,California
Glen Ellen,California
San Leandro,California
Manhattan Beach,California
Fullerton,California
Culver City,California
Santa Ana,California
Newbury Park,California
La Puente,California
Bronx,New York
Gardena,California
Katonah,New York
Mamaroneck,New York
Yonkers,New York
Hartsdale,New York
Peekskill,New York
North Salem,New York
Ardsley,New York
Pound Ridge,New York
Village of Pelham,New York
Decatur,Georgia
Chamblee,Georgia
Avon,Colorado
Vail,Colorado
Marina del Rey,California
Los Olivos,California
Ojai,California
Half Moon Bay,California
Millbrae,California
Seal Beach,California
City of Industry,California
Menlo Park,California
Palm Springs,California
Studio City,California
Anaheim,California
El Granada,California
Monterey,California
Carmel Valley,California
Los Altos,California
La Jolla,California
Sherman Oaks,California
Big Sur,California
San Bruno,California
Larkspur,California
Inverness,California
Pebble Beach,California
Novato,California
Coronado,California
Lafayette,California
Belmont,California
Calabasas,California
Boyle Heights,California
Bodega Bay,California
San Rafael,California
Del Mar,California
Laguna Beach,California
Redondo Beach,California
Point Reyes Station,California
Pleasanton,California
Rancho Santa Margarita,California
Kentfield,California
Huntington Beach,California
San Carlos,California
Vallejo,California
Boonville,California
Arroyo Grande,California
San Luis Obispo,California
Marshall,California
Fountain Valley,California
Forestville,California
Rancho Palos Verdes,California
Woodland Hills,California
Burlingame,California
Santa Cruz,California
Cupertino,California
Seaside,California
